{
    "events": [
        {
            "timestamp": "2025-10-16T02:37:38.424000+00:00",
            "type": "ExecutionStarted",
            "id": 1,
            "previousEventId": 0,
            "executionStartedEventDetails": {
                "input": "  {  \n  \"commands\": [\n    \"runuser -l ec2-user -c 'rm -rf /home/ec2-user/ngen-datastream && docker rmi -f $(docker images -aq)'\",\n    \"runuser -l ec2-user -c 'cd /home/ec2-user && git clone -b SF_Logs https://github.com/CIROH-UA/forcingprocessor.git'\",\n    \"runuser -l ec2-user -c 'cd /home/ec2-user/forcingprocessor && git clone https://github.com/CIROH-UA/ngen-datastream.git'\",\n    \"runuser -l ec2-user -c 'ARCH=aarch64 TAG=latest-arm64 docker compose -f /home/ec2-user/forcingprocessor/docker/docker-compose.yml build forcingprocessor-deps' >> /home/ec2-user/forcingprocessor/docker_build_log.txt 2>&1\",\n    \"runuser -l ec2-user -c 'TAG=latest-arm64 docker compose -f /home/ec2-user/forcingprocessor/docker/docker-compose.yml build forcingprocessor' >> /home/ec2-user/forcingprocessor/docker_build_log.txt 2>&1\",\n    \"runuser -l ec2-user -c 'export DS_TAG=latest FP_TAG=latest-arm64 && /home/ec2-user/forcingprocessor/ngen-datastream/scripts/datastream -s 202006200100 -e 202006200200 -C NWM_RETRO_V3 -d /home/ec2-user/forcingprocessor/ngen-datastream/data/datastream_test -g https://ngen-datastream.s3.us-east-2.amazonaws.com/palisade.gpkg -R /home/ec2-user/forcingprocessor/ngen-datastream/configs/ngen/realization_sloth_nom_cfe_pet.json --s3_bucket ciroh-community-ngen-datastream --s3_prefix forcingprocessor/test --forcing_source NWM_RETRO_V3' >> /home/ec2-user/forcingprocessor/docker_build_log.txt 2>&1\",\n    \"runuser -l ec2-user -c 'aws s3 cp /home/ec2-user/forcingprocessor/docker_build_log.txt s3://ciroh-community-ngen-datastream/forcingprocessor/test/docker_build_log.txt'\"\n  ],\n\"run_options\":{\n  \"ii_terminate_instance\" : true,\n  \"ii_delete_volume\"      : true,\n  \"ii_check_s3\"           : false,\n  \"timeout_s\"             : 3600\n},\n\"instance_parameters\" :\n{\n  \"ImageId\"            : \"ami-01fc4c78425e127e6\",\n  \"InstanceType\"       : \"t4g.large\",\n  \"KeyName\"            : \"actions_key_arm\",\n  \"SecurityGroupIds\"   : [\"sg-0fcbe0c6d6faa0117\"],\n  \"IamInstanceProfile\": {\n    \"Name\": \"default_ec2_profile\"\n  },\n  \"TagSpecifications\"   :[\n    {\n        \"ResourceType\": \"instance\",\n        \"Tags\": [\n            {\n                \"Key\"   : \"Name\",\n                \"Value\" : \"arm_docker_buildNtester\"\n            }\n        ]\n    }\n],\n  \"BlockDeviceMappings\":[\n    {\n        \"DeviceName\": \"/dev/xvda\",  \n        \"Ebs\": {\n            \"VolumeSize\": 32,\n            \"VolumeType\": \"gp3\"  \n        }\n    }\n  ]\n}\n}\n",
                "inputDetails": {
                    "truncated": false
                },
                "roleArn": "arn:aws:iam::879381264451:role/default_sm_role"
            }
        },
        {
            "timestamp": "2025-10-16T02:37:38.457000+00:00",
            "type": "TaskStateEntered",
            "id": 2,
            "previousEventId": 0,
            "stateEnteredEventDetails": {
                "name": "EC2StarterFromAMI",
                "input": "  {  \n  \"commands\": [\n    \"runuser -l ec2-user -c 'rm -rf /home/ec2-user/ngen-datastream && docker rmi -f $(docker images -aq)'\",\n    \"runuser -l ec2-user -c 'cd /home/ec2-user && git clone -b SF_Logs https://github.com/CIROH-UA/forcingprocessor.git'\",\n    \"runuser -l ec2-user -c 'cd /home/ec2-user/forcingprocessor && git clone https://github.com/CIROH-UA/ngen-datastream.git'\",\n    \"runuser -l ec2-user -c 'ARCH=aarch64 TAG=latest-arm64 docker compose -f /home/ec2-user/forcingprocessor/docker/docker-compose.yml build forcingprocessor-deps' >> /home/ec2-user/forcingprocessor/docker_build_log.txt 2>&1\",\n    \"runuser -l ec2-user -c 'TAG=latest-arm64 docker compose -f /home/ec2-user/forcingprocessor/docker/docker-compose.yml build forcingprocessor' >> /home/ec2-user/forcingprocessor/docker_build_log.txt 2>&1\",\n    \"runuser -l ec2-user -c 'export DS_TAG=latest FP_TAG=latest-arm64 && /home/ec2-user/forcingprocessor/ngen-datastream/scripts/datastream -s 202006200100 -e 202006200200 -C NWM_RETRO_V3 -d /home/ec2-user/forcingprocessor/ngen-datastream/data/datastream_test -g https://ngen-datastream.s3.us-east-2.amazonaws.com/palisade.gpkg -R /home/ec2-user/forcingprocessor/ngen-datastream/configs/ngen/realization_sloth_nom_cfe_pet.json --s3_bucket ciroh-community-ngen-datastream --s3_prefix forcingprocessor/test --forcing_source NWM_RETRO_V3' >> /home/ec2-user/forcingprocessor/docker_build_log.txt 2>&1\",\n    \"runuser -l ec2-user -c 'aws s3 cp /home/ec2-user/forcingprocessor/docker_build_log.txt s3://ciroh-community-ngen-datastream/forcingprocessor/test/docker_build_log.txt'\"\n  ],\n\"run_options\":{\n  \"ii_terminate_instance\" : true,\n  \"ii_delete_volume\"      : true,\n  \"ii_check_s3\"           : false,\n  \"timeout_s\"             : 3600\n},\n\"instance_parameters\" :\n{\n  \"ImageId\"            : \"ami-01fc4c78425e127e6\",\n  \"InstanceType\"       : \"t4g.large\",\n  \"KeyName\"            : \"actions_key_arm\",\n  \"SecurityGroupIds\"   : [\"sg-0fcbe0c6d6faa0117\"],\n  \"IamInstanceProfile\": {\n    \"Name\": \"default_ec2_profile\"\n  },\n  \"TagSpecifications\"   :[\n    {\n        \"ResourceType\": \"instance\",\n        \"Tags\": [\n            {\n                \"Key\"   : \"Name\",\n                \"Value\" : \"arm_docker_buildNtester\"\n            }\n        ]\n    }\n],\n  \"BlockDeviceMappings\":[\n    {\n        \"DeviceName\": \"/dev/xvda\",  \n        \"Ebs\": {\n            \"VolumeSize\": 32,\n            \"VolumeType\": \"gp3\"  \n        }\n    }\n  ]\n}\n}\n",
                "inputDetails": {
                    "truncated": false
                }
            }
        },
        {
            "timestamp": "2025-10-16T02:37:38.457000+00:00",
            "type": "TaskScheduled",
            "id": 3,
            "previousEventId": 2,
            "taskScheduledEventDetails": {
                "resourceType": "lambda",
                "resource": "invoke",
                "region": "us-east-1",
                "parameters": "{\"FunctionName\":\"arn:aws:lambda:us-east-1:879381264451:function:default_start_ec2:$LATEST\",\"Payload\":{\"commands\":[\"runuser -l ec2-user -c 'rm -rf /home/ec2-user/ngen-datastream && docker rmi -f $(docker images -aq)'\",\"runuser -l ec2-user -c 'cd /home/ec2-user && git clone -b SF_Logs https://github.com/CIROH-UA/forcingprocessor.git'\",\"runuser -l ec2-user -c 'cd /home/ec2-user/forcingprocessor && git clone https://github.com/CIROH-UA/ngen-datastream.git'\",\"runuser -l ec2-user -c 'ARCH=aarch64 TAG=latest-arm64 docker compose -f /home/ec2-user/forcingprocessor/docker/docker-compose.yml build forcingprocessor-deps' >> /home/ec2-user/forcingprocessor/docker_build_log.txt 2>&1\",\"runuser -l ec2-user -c 'TAG=latest-arm64 docker compose -f /home/ec2-user/forcingprocessor/docker/docker-compose.yml build forcingprocessor' >> /home/ec2-user/forcingprocessor/docker_build_log.txt 2>&1\",\"runuser -l ec2-user -c 'export DS_TAG=latest FP_TAG=latest-arm64 && /home/ec2-user/forcingprocessor/ngen-datastream/scripts/datastream -s 202006200100 -e 202006200200 -C NWM_RETRO_V3 -d /home/ec2-user/forcingprocessor/ngen-datastream/data/datastream_test -g https://ngen-datastream.s3.us-east-2.amazonaws.com/palisade.gpkg -R /home/ec2-user/forcingprocessor/ngen-datastream/configs/ngen/realization_sloth_nom_cfe_pet.json --s3_bucket ciroh-community-ngen-datastream --s3_prefix forcingprocessor/test --forcing_source NWM_RETRO_V3' >> /home/ec2-user/forcingprocessor/docker_build_log.txt 2>&1\",\"runuser -l ec2-user -c 'aws s3 cp /home/ec2-user/forcingprocessor/docker_build_log.txt s3://ciroh-community-ngen-datastream/forcingprocessor/test/docker_build_log.txt'\"],\"run_options\":{\"ii_terminate_instance\":true,\"ii_delete_volume\":true,\"ii_check_s3\":false,\"timeout_s\":3600},\"instance_parameters\":{\"ImageId\":\"ami-01fc4c78425e127e6\",\"InstanceType\":\"t4g.large\",\"KeyName\":\"actions_key_arm\",\"SecurityGroupIds\":[\"sg-0fcbe0c6d6faa0117\"],\"IamInstanceProfile\":{\"Name\":\"default_ec2_profile\"},\"TagSpecifications\":[{\"ResourceType\":\"instance\",\"Tags\":[{\"Key\":\"Name\",\"Value\":\"arm_docker_buildNtester\"}]}],\"BlockDeviceMappings\":[{\"DeviceName\":\"/dev/xvda\",\"Ebs\":{\"VolumeSize\":32,\"VolumeType\":\"gp3\"}}]}}}"
            }
        },
        {
            "timestamp": "2025-10-16T02:37:38.503000+00:00",
            "type": "TaskStarted",
            "id": 4,
            "previousEventId": 3,
            "taskStartedEventDetails": {
                "resourceType": "lambda",
                "resource": "invoke"
            }
        },
        {
            "timestamp": "2025-10-16T02:37:46.597000+00:00",
            "type": "TaskSucceeded",
            "id": 5,
            "previousEventId": 4,
            "taskSucceededEventDetails": {
                "resourceType": "lambda",
                "resource": "invoke",
                "output": "{\"ExecutedVersion\":\"$LATEST\",\"Payload\":{\"commands\":[\"runuser -l ec2-user -c 'rm -rf /home/ec2-user/ngen-datastream && docker rmi -f $(docker images -aq)'\",\"runuser -l ec2-user -c 'cd /home/ec2-user && git clone -b SF_Logs https://github.com/CIROH-UA/forcingprocessor.git'\",\"runuser -l ec2-user -c 'cd /home/ec2-user/forcingprocessor && git clone https://github.com/CIROH-UA/ngen-datastream.git'\",\"runuser -l ec2-user -c 'ARCH=aarch64 TAG=latest-arm64 docker compose -f /home/ec2-user/forcingprocessor/docker/docker-compose.yml build forcingprocessor-deps' >> /home/ec2-user/forcingprocessor/docker_build_log.txt 2>&1\",\"runuser -l ec2-user -c 'TAG=latest-arm64 docker compose -f /home/ec2-user/forcingprocessor/docker/docker-compose.yml build forcingprocessor' >> /home/ec2-user/forcingprocessor/docker_build_log.txt 2>&1\",\"runuser -l ec2-user -c 'export DS_TAG=latest FP_TAG=latest-arm64 && /home/ec2-user/forcingprocessor/ngen-datastream/scripts/datastream -s 202006200100 -e 202006200200 -C NWM_RETRO_V3 -d /home/ec2-user/forcingprocessor/ngen-datastream/data/datastream_test -g https://ngen-datastream.s3.us-east-2.amazonaws.com/palisade.gpkg -R /home/ec2-user/forcingprocessor/ngen-datastream/configs/ngen/realization_sloth_nom_cfe_pet.json --s3_bucket ciroh-community-ngen-datastream --s3_prefix forcingprocessor/test --forcing_source NWM_RETRO_V3' >> /home/ec2-user/forcingprocessor/docker_build_log.txt 2>&1\",\"runuser -l ec2-user -c 'aws s3 cp /home/ec2-user/forcingprocessor/docker_build_log.txt s3://ciroh-community-ngen-datastream/forcingprocessor/test/docker_build_log.txt'\"],\"run_options\":{\"ii_terminate_instance\":true,\"ii_delete_volume\":true,\"ii_check_s3\":false,\"timeout_s\":3600},\"instance_parameters\":{\"ImageId\":\"ami-01fc4c78425e127e6\",\"InstanceType\":\"t4g.large\",\"KeyName\":\"actions_key_arm\",\"SecurityGroupIds\":[\"sg-0fcbe0c6d6faa0117\"],\"IamInstanceProfile\":{\"Name\":\"default_ec2_profile\"},\"TagSpecifications\":[{\"ResourceType\":\"instance\",\"Tags\":[{\"Key\":\"Name\",\"Value\":\"arm_docker_buildNtester\"}]}],\"BlockDeviceMappings\":[{\"DeviceName\":\"/dev/xvda\",\"Ebs\":{\"VolumeSize\":32,\"VolumeType\":\"gp3\"}}],\"MaxCount\":1,\"MinCount\":1,\"InstanceId\":\"i-0c5b2d047dc7db4c2\"},\"t0\":1.7605822592742534E9,\"ii_s3_object_checked\":false,\"retry_attempt\":0,\"region\":\"us-east-1\"},\"SdkHttpMetadata\":{\"AllHttpHeaders\":{\"X-Amz-Executed-Version\":[\"$LATEST\"],\"x-amzn-Remapped-Content-Length\":[\"0\"],\"Connection\":[\"keep-alive\"],\"x-amzn-RequestId\":[\"6d032ceb-8470-42d6-b2b0-73562e3a34b6\"],\"Content-Length\":[\"2276\"],\"Date\":[\"Thu, 16 Oct 2025 02:37:46 GMT\"],\"X-Amzn-Trace-Id\":[\"Root=1-68f05a72-593166e4060657e46c2cd826;Parent=6123945587848c8c;Sampled=0;Lineage=1:45cb96fa:0\"],\"Content-Type\":[\"application/json\"]},\"HttpHeaders\":{\"Connection\":\"keep-alive\",\"Content-Length\":\"2276\",\"Content-Type\":\"application/json\",\"Date\":\"Thu, 16 Oct 2025 02:37:46 GMT\",\"X-Amz-Executed-Version\":\"$LATEST\",\"x-amzn-Remapped-Content-Length\":\"0\",\"x-amzn-RequestId\":\"6d032ceb-8470-42d6-b2b0-73562e3a34b6\",\"X-Amzn-Trace-Id\":\"Root=1-68f05a72-593166e4060657e46c2cd826;Parent=6123945587848c8c;Sampled=0;Lineage=1:45cb96fa:0\"},\"HttpStatusCode\":200},\"SdkResponseMetadata\":{\"RequestId\":\"6d032ceb-8470-42d6-b2b0-73562e3a34b6\"},\"StatusCode\":200}",
                "outputDetails": {
                    "truncated": false
                }
            }
        },
        {
            "timestamp": "2025-10-16T02:37:46.617000+00:00",
            "type": "TaskStateExited",
            "id": 6,
            "previousEventId": 5,
            "stateExitedEventDetails": {
                "name": "EC2StarterFromAMI",
                "output": "{\"commands\":[\"runuser -l ec2-user -c 'rm -rf /home/ec2-user/ngen-datastream && docker rmi -f $(docker images -aq)'\",\"runuser -l ec2-user -c 'cd /home/ec2-user && git clone -b SF_Logs https://github.com/CIROH-UA/forcingprocessor.git'\",\"runuser -l ec2-user -c 'cd /home/ec2-user/forcingprocessor && git clone https://github.com/CIROH-UA/ngen-datastream.git'\",\"runuser -l ec2-user -c 'ARCH=aarch64 TAG=latest-arm64 docker compose -f /home/ec2-user/forcingprocessor/docker/docker-compose.yml build forcingprocessor-deps' >> /home/ec2-user/forcingprocessor/docker_build_log.txt 2>&1\",\"runuser -l ec2-user -c 'TAG=latest-arm64 docker compose -f /home/ec2-user/forcingprocessor/docker/docker-compose.yml build forcingprocessor' >> /home/ec2-user/forcingprocessor/docker_build_log.txt 2>&1\",\"runuser -l ec2-user -c 'export DS_TAG=latest FP_TAG=latest-arm64 && /home/ec2-user/forcingprocessor/ngen-datastream/scripts/datastream -s 202006200100 -e 202006200200 -C NWM_RETRO_V3 -d /home/ec2-user/forcingprocessor/ngen-datastream/data/datastream_test -g https://ngen-datastream.s3.us-east-2.amazonaws.com/palisade.gpkg -R /home/ec2-user/forcingprocessor/ngen-datastream/configs/ngen/realization_sloth_nom_cfe_pet.json --s3_bucket ciroh-community-ngen-datastream --s3_prefix forcingprocessor/test --forcing_source NWM_RETRO_V3' >> /home/ec2-user/forcingprocessor/docker_build_log.txt 2>&1\",\"runuser -l ec2-user -c 'aws s3 cp /home/ec2-user/forcingprocessor/docker_build_log.txt s3://ciroh-community-ngen-datastream/forcingprocessor/test/docker_build_log.txt'\"],\"run_options\":{\"ii_terminate_instance\":true,\"ii_delete_volume\":true,\"ii_check_s3\":false,\"timeout_s\":3600},\"instance_parameters\":{\"ImageId\":\"ami-01fc4c78425e127e6\",\"InstanceType\":\"t4g.large\",\"KeyName\":\"actions_key_arm\",\"SecurityGroupIds\":[\"sg-0fcbe0c6d6faa0117\"],\"IamInstanceProfile\":{\"Name\":\"default_ec2_profile\"},\"TagSpecifications\":[{\"ResourceType\":\"instance\",\"Tags\":[{\"Key\":\"Name\",\"Value\":\"arm_docker_buildNtester\"}]}],\"BlockDeviceMappings\":[{\"DeviceName\":\"/dev/xvda\",\"Ebs\":{\"VolumeSize\":32,\"VolumeType\":\"gp3\"}}],\"MaxCount\":1,\"MinCount\":1,\"InstanceId\":\"i-0c5b2d047dc7db4c2\"},\"t0\":1.7605822592742534E9,\"ii_s3_object_checked\":false,\"retry_attempt\":0,\"region\":\"us-east-1\"}",
                "outputDetails": {
                    "truncated": false
                }
            }
        },
        {
            "timestamp": "2025-10-16T02:37:46.617000+00:00",
            "type": "TaskStateEntered",
            "id": 7,
            "previousEventId": 6,
            "stateEnteredEventDetails": {
                "name": "Commander",
                "input": "{\"commands\":[\"runuser -l ec2-user -c 'rm -rf /home/ec2-user/ngen-datastream && docker rmi -f $(docker images -aq)'\",\"runuser -l ec2-user -c 'cd /home/ec2-user && git clone -b SF_Logs https://github.com/CIROH-UA/forcingprocessor.git'\",\"runuser -l ec2-user -c 'cd /home/ec2-user/forcingprocessor && git clone https://github.com/CIROH-UA/ngen-datastream.git'\",\"runuser -l ec2-user -c 'ARCH=aarch64 TAG=latest-arm64 docker compose -f /home/ec2-user/forcingprocessor/docker/docker-compose.yml build forcingprocessor-deps' >> /home/ec2-user/forcingprocessor/docker_build_log.txt 2>&1\",\"runuser -l ec2-user -c 'TAG=latest-arm64 docker compose -f /home/ec2-user/forcingprocessor/docker/docker-compose.yml build forcingprocessor' >> /home/ec2-user/forcingprocessor/docker_build_log.txt 2>&1\",\"runuser -l ec2-user -c 'export DS_TAG=latest FP_TAG=latest-arm64 && /home/ec2-user/forcingprocessor/ngen-datastream/scripts/datastream -s 202006200100 -e 202006200200 -C NWM_RETRO_V3 -d /home/ec2-user/forcingprocessor/ngen-datastream/data/datastream_test -g https://ngen-datastream.s3.us-east-2.amazonaws.com/palisade.gpkg -R /home/ec2-user/forcingprocessor/ngen-datastream/configs/ngen/realization_sloth_nom_cfe_pet.json --s3_bucket ciroh-community-ngen-datastream --s3_prefix forcingprocessor/test --forcing_source NWM_RETRO_V3' >> /home/ec2-user/forcingprocessor/docker_build_log.txt 2>&1\",\"runuser -l ec2-user -c 'aws s3 cp /home/ec2-user/forcingprocessor/docker_build_log.txt s3://ciroh-community-ngen-datastream/forcingprocessor/test/docker_build_log.txt'\"],\"run_options\":{\"ii_terminate_instance\":true,\"ii_delete_volume\":true,\"ii_check_s3\":false,\"timeout_s\":3600},\"instance_parameters\":{\"ImageId\":\"ami-01fc4c78425e127e6\",\"InstanceType\":\"t4g.large\",\"KeyName\":\"actions_key_arm\",\"SecurityGroupIds\":[\"sg-0fcbe0c6d6faa0117\"],\"IamInstanceProfile\":{\"Name\":\"default_ec2_profile\"},\"TagSpecifications\":[{\"ResourceType\":\"instance\",\"Tags\":[{\"Key\":\"Name\",\"Value\":\"arm_docker_buildNtester\"}]}],\"BlockDeviceMappings\":[{\"DeviceName\":\"/dev/xvda\",\"Ebs\":{\"VolumeSize\":32,\"VolumeType\":\"gp3\"}}],\"MaxCount\":1,\"MinCount\":1,\"InstanceId\":\"i-0c5b2d047dc7db4c2\"},\"t0\":1.7605822592742534E9,\"ii_s3_object_checked\":false,\"retry_attempt\":0,\"region\":\"us-east-1\"}",
                "inputDetails": {
                    "truncated": false
                }
            }
        },
        {
            "timestamp": "2025-10-16T02:37:46.617000+00:00",
            "type": "TaskScheduled",
            "id": 8,
            "previousEventId": 7,
            "taskScheduledEventDetails": {
                "resourceType": "lambda",
                "resource": "invoke",
                "region": "us-east-1",
                "parameters": "{\"FunctionName\":\"arn:aws:lambda:us-east-1:879381264451:function:default_ec2_commander:$LATEST\",\"Payload\":{\"commands\":[\"runuser -l ec2-user -c 'rm -rf /home/ec2-user/ngen-datastream && docker rmi -f $(docker images -aq)'\",\"runuser -l ec2-user -c 'cd /home/ec2-user && git clone -b SF_Logs https://github.com/CIROH-UA/forcingprocessor.git'\",\"runuser -l ec2-user -c 'cd /home/ec2-user/forcingprocessor && git clone https://github.com/CIROH-UA/ngen-datastream.git'\",\"runuser -l ec2-user -c 'ARCH=aarch64 TAG=latest-arm64 docker compose -f /home/ec2-user/forcingprocessor/docker/docker-compose.yml build forcingprocessor-deps' >> /home/ec2-user/forcingprocessor/docker_build_log.txt 2>&1\",\"runuser -l ec2-user -c 'TAG=latest-arm64 docker compose -f /home/ec2-user/forcingprocessor/docker/docker-compose.yml build forcingprocessor' >> /home/ec2-user/forcingprocessor/docker_build_log.txt 2>&1\",\"runuser -l ec2-user -c 'export DS_TAG=latest FP_TAG=latest-arm64 && /home/ec2-user/forcingprocessor/ngen-datastream/scripts/datastream -s 202006200100 -e 202006200200 -C NWM_RETRO_V3 -d /home/ec2-user/forcingprocessor/ngen-datastream/data/datastream_test -g https://ngen-datastream.s3.us-east-2.amazonaws.com/palisade.gpkg -R /home/ec2-user/forcingprocessor/ngen-datastream/configs/ngen/realization_sloth_nom_cfe_pet.json --s3_bucket ciroh-community-ngen-datastream --s3_prefix forcingprocessor/test --forcing_source NWM_RETRO_V3' >> /home/ec2-user/forcingprocessor/docker_build_log.txt 2>&1\",\"runuser -l ec2-user -c 'aws s3 cp /home/ec2-user/forcingprocessor/docker_build_log.txt s3://ciroh-community-ngen-datastream/forcingprocessor/test/docker_build_log.txt'\"],\"run_options\":{\"ii_terminate_instance\":true,\"ii_delete_volume\":true,\"ii_check_s3\":false,\"timeout_s\":3600},\"instance_parameters\":{\"ImageId\":\"ami-01fc4c78425e127e6\",\"InstanceType\":\"t4g.large\",\"KeyName\":\"actions_key_arm\",\"SecurityGroupIds\":[\"sg-0fcbe0c6d6faa0117\"],\"IamInstanceProfile\":{\"Name\":\"default_ec2_profile\"},\"TagSpecifications\":[{\"ResourceType\":\"instance\",\"Tags\":[{\"Key\":\"Name\",\"Value\":\"arm_docker_buildNtester\"}]}],\"BlockDeviceMappings\":[{\"DeviceName\":\"/dev/xvda\",\"Ebs\":{\"VolumeSize\":32,\"VolumeType\":\"gp3\"}}],\"MaxCount\":1,\"MinCount\":1,\"InstanceId\":\"i-0c5b2d047dc7db4c2\"},\"t0\":1.7605822592742534E9,\"ii_s3_object_checked\":false,\"retry_attempt\":0,\"region\":\"us-east-1\"}}"
            }
        },
        {
            "timestamp": "2025-10-16T02:37:46.660000+00:00",
            "type": "TaskStarted",
            "id": 9,
            "previousEventId": 8,
            "taskStartedEventDetails": {
                "resourceType": "lambda",
                "resource": "invoke"
            }
        }
    ]
}
