{
    "executionArn": "arn:aws:states:us-east-1:879381264451:execution:default_sm:docker_builder_20251015223737",
    "stateMachineArn": "arn:aws:states:us-east-1:879381264451:stateMachine:default_sm",
    "name": "docker_builder_20251015223737",
    "status": "RUNNING",
    "startDate": "2025-10-16T02:37:38.424000+00:00",
    "input": "  {  \n  \"commands\": [\n    \"runuser -l ec2-user -c 'rm -rf /home/ec2-user/ngen-datastream && docker rmi -f $(docker images -aq)'\",\n    \"runuser -l ec2-user -c 'cd /home/ec2-user && git clone -b SF_Logs https://github.com/CIROH-UA/forcingprocessor.git'\",\n    \"runuser -l ec2-user -c 'cd /home/ec2-user/forcingprocessor && git clone https://github.com/CIROH-UA/ngen-datastream.git'\",\n    \"runuser -l ec2-user -c 'ARCH=aarch64 TAG=latest-arm64 docker compose -f /home/ec2-user/forcingprocessor/docker/docker-compose.yml build forcingprocessor-deps' >> /home/ec2-user/forcingprocessor/docker_build_log.txt 2>&1\",\n    \"runuser -l ec2-user -c 'TAG=latest-arm64 docker compose -f /home/ec2-user/forcingprocessor/docker/docker-compose.yml build forcingprocessor' >> /home/ec2-user/forcingprocessor/docker_build_log.txt 2>&1\",\n    \"runuser -l ec2-user -c 'export DS_TAG=latest FP_TAG=latest-arm64 && /home/ec2-user/forcingprocessor/ngen-datastream/scripts/datastream -s 202006200100 -e 202006200200 -C NWM_RETRO_V3 -d /home/ec2-user/forcingprocessor/ngen-datastream/data/datastream_test -g https://ngen-datastream.s3.us-east-2.amazonaws.com/palisade.gpkg -R /home/ec2-user/forcingprocessor/ngen-datastream/configs/ngen/realization_sloth_nom_cfe_pet.json --s3_bucket ciroh-community-ngen-datastream --s3_prefix forcingprocessor/test --forcing_source NWM_RETRO_V3' >> /home/ec2-user/forcingprocessor/docker_build_log.txt 2>&1\",\n    \"runuser -l ec2-user -c 'aws s3 cp /home/ec2-user/forcingprocessor/docker_build_log.txt s3://ciroh-community-ngen-datastream/forcingprocessor/test/docker_build_log.txt'\"\n  ],\n\"run_options\":{\n  \"ii_terminate_instance\" : true,\n  \"ii_delete_volume\"      : true,\n  \"ii_check_s3\"           : false,\n  \"timeout_s\"             : 3600\n},\n\"instance_parameters\" :\n{\n  \"ImageId\"            : \"ami-01fc4c78425e127e6\",\n  \"InstanceType\"       : \"t4g.large\",\n  \"KeyName\"            : \"actions_key_arm\",\n  \"SecurityGroupIds\"   : [\"sg-0fcbe0c6d6faa0117\"],\n  \"IamInstanceProfile\": {\n    \"Name\": \"default_ec2_profile\"\n  },\n  \"TagSpecifications\"   :[\n    {\n        \"ResourceType\": \"instance\",\n        \"Tags\": [\n            {\n                \"Key\"   : \"Name\",\n                \"Value\" : \"arm_docker_buildNtester\"\n            }\n        ]\n    }\n],\n  \"BlockDeviceMappings\":[\n    {\n        \"DeviceName\": \"/dev/xvda\",  \n        \"Ebs\": {\n            \"VolumeSize\": 32,\n            \"VolumeType\": \"gp3\"  \n        }\n    }\n  ]\n}\n}\n",
    "inputDetails": {
        "included": true
    },
    "redriveCount": 0,
    "redriveStatus": "NOT_REDRIVABLE",
    "redriveStatusReason": "Execution is RUNNING and cannot be redriven"
}
